MUNICIPIOS,RURAL,,,,,,,,,,,,,,,,,,,,,,,
ABEJORRAL,1,,,,,,,,,,,,,,,,,,,,,,,
ABREGO,1,,,,,,,,,,,,,,,,,,,,,,,
ABRIAQUI,1,,,,,,,,,,,,,,,,,,,,,,,
ACACIAS,0,,,,,,,,,,,,,,,,,,,,,,,
ACANDI,1,,,,,,,,,,,,,,,,,,,,,,,
ACEVEDO,1,,,,,,,,,,,,,,,,,,,,,,,
ACHI,1,,,,,,,,,,,,,,,,,,,,,,,
AGRADO,1,,,,,,,,,,,,,,,,,,,,,,,
AGUA DE DIOS,0,,,,,,,,,,,,,,,,,,,,,,,
AGUACHICA,0,,,,,,,,,,,,,,,,,,,,,,,
AGUADA,1,,,,,,,,,,,,,,,,,,,,,,,
AGUADAS,1,,,,,,,,,,,,,,,,,,,,,,,
AGUAZUL,0,,,,,,,,,,,,,,,,,,,,,,,
AGUSTIN CODAZZI,0,,,,,,,,,,,,,,,,,,,,,,,
AIPE,1,,,,,,,,,,,,,,,,,,,,,,,
ALBAN,0,,,,,,,,,,,,,,,,,,,,,,,
ALBAN,0,,,,,,,,,,,,,,,,,,,,,,,
ALBANIA,1,,,,,,,,,,,,,,,,,,,,,,,
ALBANIA,1,,,,,,,,,,,,,,,,,,,,,,,
ALBANIA,1,,,,,,,,,,,,,,,,,,,,,,,
ALCALA,0,,,,,,,,,,,,,,,,,,,,,,,
ALDANA,1,,,,,,,,,,,,,,,,,,,,,,,
ALEJANDRIA,1,,,,,,,,,,,,,,,,,,,,,,,
ALGARROBO,1,,,,,,,,,,,,,,,,,,,,,,,
ALGECIRAS,1,,,,,,,,,,,,,,,,,,,,,,,
ALMAGUER,1,,,,,,,,,,,,,,,,,,,,,,,
ALMEIDA,1,,,,,,,,,,,,,,,,,,,,,,,
ALPUJARRA,1,,,,,,,,,,,,,,,,,,,,,,,
ALTAMIRA,1,,,,,,,,,,,,,,,,,,,,,,,
ALTO BAUDO,1,,,,,,,,,,,,,,,,,,,,,,,
ALTOS DEL ROSARIO,1,,,,,,,,,,,,,,,,,,,,,,,
ALVARADO,1,,,,,,,,,,,,,,,,,,,,,,,
AMAGA,0,,,,,,,,,,,,,,,,,,,,,,,
AMALFI,1,,,,,,,,,,,,,,,,,,,,,,,
AMBALEMA,1,,,,,,,,,,,,,,,,,,,,,,,
ANAPOIMA,0,,,,,,,,,,,,,,,,,,,,,,,
ANCUYA,1,,,,,,,,,,,,,,,,,,,,,,,
ANDALUCIA,0,,,,,,,,,,,,,,,,,,,,,,,
ANDES,0,,,,,,,,,,,,,,,,,,,,,,,
ANGELOPOLIS,0,,,,,,,,,,,,,,,,,,,,,,,
ANGOSTURA,1,,,,,,,,,,,,,,,,,,,,,,,
ANOLAIMA,0,,,,,,,,,,,,,,,,,,,,,,,
ANORI,1,,,,,,,,,,,,,,,,,,,,,,,
ANSERMA,0,,,,,,,,,,,,,,,,,,,,,,,
ANSERMANUEVO,0,,,,,,,,,,,,,,,,,,,,,,,
ANZA,1,,,,,,,,,,,,,,,,,,,,,,,
ANZOATEGUI,1,,,,,,,,,,,,,,,,,,,,,,,
APARTADO,0,,,,,,,,,,,,,,,,,,,,,,,
APIA,0,,,,,,,,,,,,,,,,,,,,,,,
APULO,0,,,,,,,,,,,,,,,,,,,,,,,
AQUITANIA,1,,,,,,,,,,,,,,,,,,,,,,,
ARACATACA,0,,,,,,,,,,,,,,,,,,,,,,,
ARANZAZU,0,,,,,,,,,,,,,,,,,,,,,,,
ARATOCA,1,,,,,,,,,,,,,,,,,,,,,,,
ARAUCA,0,,,,,,,,,,,,,,,,,,,,,,,
ARAUQUITA,1,,,,,,,,,,,,,,,,,,,,,,,
ARBELAEZ,0,,,,,,,,,,,,,,,,,,,,,,,
ARBOLEDA,0,,,,,,,,,,,,,,,,,,,,,,,
ARBOLEDAS,1,,,,,,,,,,,,,,,,,,,,,,,
ARBOLETES,0,,,,,,,,,,,,,,,,,,,,,,,
ARCABUCO,1,,,,,,,,,,,,,,,,,,,,,,,
ARENAL,1,,,,,,,,,,,,,,,,,,,,,,,
ARGELIA,1,,,,,,,,,,,,,,,,,,,,,,,
ARGELIA,1,,,,,,,,,,,,,,,,,,,,,,,
ARGELIA,1,,,,,,,,,,,,,,,,,,,,,,,
ARIGUANI,1,,,,,,,,,,,,,,,,,,,,,,,
ARJONA,0,,,,,,,,,,,,,,,,,,,,,,,
ARMENIA,1,,,,,,,,,,,,,,,,,,,,,,,
ARMENIA,1,,,,,,,,,,,,,,,,,,,,,,,
ARMERO,1,,,,,,,,,,,,,,,,,,,,,,,
ARROYOHONDO,0,,,,,,,,,,,,,,,,,,,,,,,
ASTREA,1,,,,,,,,,,,,,,,,,,,,,,,
ATACO,1,,,,,,,,,,,,,,,,,,,,,,,
ATRATO,1,,,,,,,,,,,,,,,,,,,,,,,
AYAPEL,0,,,,,,,,,,,,,,,,,,,,,,,
BAGADO,1,,,,,,,,,,,,,,,,,,,,,,,
BAHIA SOLANO,1,,,,,,,,,,,,,,,,,,,,,,,
BAJO BAUDO,1,,,,,,,,,,,,,,,,,,,,,,,
BALBOA,1,,,,,,,,,,,,,,,,,,,,,,,
BALBOA,1,,,,,,,,,,,,,,,,,,,,,,,
BARANOA,0,,,,,,,,,,,,,,,,,,,,,,,
BARAYA,1,,,,,,,,,,,,,,,,,,,,,,,
BARBACOAS,1,,,,,,,,,,,,,,,,,,,,,,,
BARBOSA,0,,,,,,,,,,,,,,,,,,,,,,,
BARBOSA,0,,,,,,,,,,,,,,,,,,,,,,,
BARICHARA,0,,,,,,,,,,,,,,,,,,,,,,,
BARRANCA DE UPIA,1,,,,,,,,,,,,,,,,,,,,,,,
BARRANCABERMEJA,0,,,,,,,,,,,,,,,,,,,,,,,
BARRANCAS,1,,,,,,,,,,,,,,,,,,,,,,,
BARRANCO DE LOBA,1,,,,,,,,,,,,,,,,,,,,,,,
BARRANCO MINA,0,,,,,,,,,,,,,,,,,,,,,,,
BARRANQUILLA,0,,,,,,,,,,,,,,,,,,,,,,,
BECERRIL,1,,,,,,,,,,,,,,,,,,,,,,,
BELALCAZAR,0,,,,,,,,,,,,,,,,,,,,,,,
BELEN,0,,,,,,,,,,,,,,,,,,,,,,,
BELEN,0,,,,,,,,,,,,,,,,,,,,,,,
BELEN DE BAJIRA,0,,,,,,,,,,,,,,,,,,,,,,,
BELEN DE LOS ANDAQUIES,1,,,,,,,,,,,,,,,,,,,,,,,
BELEN DE UMBRIA,0,,,,,,,,,,,,,,,,,,,,,,,
BELLO,0,,,,,,,,,,,,,,,,,,,,,,,
BELMIRA,1,,,,,,,,,,,,,,,,,,,,,,,
BELTRAN,1,,,,,,,,,,,,,,,,,,,,,,,
BERBEO,1,,,,,,,,,,,,,,,,,,,,,,,
BETANIA,0,,,,,,,,,,,,,,,,,,,,,,,
BETEITIVA,1,,,,,,,,,,,,,,,,,,,,,,,
BETULIA,1,,,,,,,,,,,,,,,,,,,,,,,
BETULIA,1,,,,,,,,,,,,,,,,,,,,,,,
BITUIMA,1,,,,,,,,,,,,,,,,,,,,,,,
BOAVITA,1,,,,,,,,,,,,,,,,,,,,,,,
BOCHALEMA,1,,,,,,,,,,,,,,,,,,,,,,,
BOGOTA D.C.,0,,,,,,,,,,,,,,,,,,,,,,,
BOJACA,0,,,,,,,,,,,,,,,,,,,,,,,
BOJAYA,1,,,,,,,,,,,,,,,,,,,,,,,
BOLIVAR,1,,,,,,,,,,,,,,,,,,,,,,,
BOLIVAR,1,,,,,,,,,,,,,,,,,,,,,,,
BOLIVAR,1,,,,,,,,,,,,,,,,,,,,,,,
BOSCONIA,0,,,,,,,,,,,,,,,,,,,,,,,
BOYACA,1,,,,,,,,,,,,,,,,,,,,,,,
BRICENO,1,,,,,,,,,,,,,,,,,,,,,,,
BRICENO,1,,,,,,,,,,,,,,,,,,,,,,,
BUCARAMANGA,0,,,,,,,,,,,,,,,,,,,,,,,
BUCARASICA,1,,,,,,,,,,,,,,,,,,,,,,,
BUENAVENTURA,0,,,,,,,,,,,,,,,,,,,,,,,
BUENAVISTA,1,,,,,,,,,,,,,,,,,,,,,,,
BUENAVISTA,1,,,,,,,,,,,,,,,,,,,,,,,
BUENAVISTA,1,,,,,,,,,,,,,,,,,,,,,,,
BUENAVISTA,1,,,,,,,,,,,,,,,,,,,,,,,
BUENOS AIRES,1,,,,,,,,,,,,,,,,,,,,,,,
BUESACO,1,,,,,,,,,,,,,,,,,,,,,,,
BUGA,0,,,,,,,,,,,,,,,,,,,,,,,
BUGALAGRANDE,1,,,,,,,,,,,,,,,,,,,,,,,
BURITICA,1,,,,,,,,,,,,,,,,,,,,,,,
BUSBANZA,1,,,,,,,,,,,,,,,,,,,,,,,
CABRERA,1,,,,,,,,,,,,,,,,,,,,,,,
CABRERA,1,,,,,,,,,,,,,,,,,,,,,,,
CABUYARO,1,,,,,,,,,,,,,,,,,,,,,,,
CACAHUAL,1,,,,,,,,,,,,,,,,,,,,,,,
CACERES,1,,,,,,,,,,,,,,,,,,,,,,,
CACHIPAY,0,,,,,,,,,,,,,,,,,,,,,,,
CACHIRA,1,,,,,,,,,,,,,,,,,,,,,,,
CACOTA,1,,,,,,,,,,,,,,,,,,,,,,,
CAICEDO,1,,,,,,,,,,,,,,,,,,,,,,,
CAICEDONIA,0,,,,,,,,,,,,,,,,,,,,,,,
CAIMITO,1,,,,,,,,,,,,,,,,,,,,,,,
CAJAMARCA,1,,,,,,,,,,,,,,,,,,,,,,,
CAJIBIO,1,,,,,,,,,,,,,,,,,,,,,,,
CAJICA,0,,,,,,,,,,,,,,,,,,,,,,,
CALAMAR,1,,,,,,,,,,,,,,,,,,,,,,,
CALAMAR,1,,,,,,,,,,,,,,,,,,,,,,,
CALARCA,0,,,,,,,,,,,,,,,,,,,,,,,
CALDAS,1,,,,,,,,,,,,,,,,,,,,,,,
CALDAS,1,,,,,,,,,,,,,,,,,,,,,,,
CALDONO,1,,,,,,,,,,,,,,,,,,,,,,,
CALI,0,,,,,,,,,,,,,,,,,,,,,,,
CALIFORNIA,1,,,,,,,,,,,,,,,,,,,,,,,
CALIMA,1,,,,,,,,,,,,,,,,,,,,,,,
CALOTO,1,,,,,,,,,,,,,,,,,,,,,,,
CAMPAMENTO,1,,,,,,,,,,,,,,,,,,,,,,,
CAMPO DE LA CRUZ,0,,,,,,,,,,,,,,,,,,,,,,,
CAMPOALEGRE,0,,,,,,,,,,,,,,,,,,,,,,,
CAMPOHERMOSO,1,,,,,,,,,,,,,,,,,,,,,,,
CANALETE,1,,,,,,,,,,,,,,,,,,,,,,,
CANASGORDAS,1,,,,,,,,,,,,,,,,,,,,,,,
CANDELARIA,0,,,,,,,,,,,,,,,,,,,,,,,
CANDELARIA,0,,,,,,,,,,,,,,,,,,,,,,,
CANTAGALLO,1,,,,,,,,,,,,,,,,,,,,,,,
CANTON DE SAN PABLO,0,,,,,,,,,,,,,,,,,,,,,,,
CAPARRAPI,1,,,,,,,,,,,,,,,,,,,,,,,
CAPITANEJO,0,,,,,,,,,,,,,,,,,,,,,,,
CAQUEZA,0,,,,,,,,,,,,,,,,,,,,,,,
CARACOLI,1,,,,,,,,,,,,,,,,,,,,,,,
CARAMANTA,0,,,,,,,,,,,,,,,,,,,,,,,
CARCASI,1,,,,,,,,,,,,,,,,,,,,,,,
CAREPA,0,,,,,,,,,,,,,,,,,,,,,,,
CARMEN DE APICALA,1,,,,,,,,,,,,,,,,,,,,,,,
CARMEN DE BOLIVAR,0,,,,,,,,,,,,,,,,,,,,,,,
CARMEN DE CARUPA,1,,,,,,,,,,,,,,,,,,,,,,,
CARMEN DE VIBORAL,0,,,,,,,,,,,,,,,,,,,,,,,
CARMEN DEL DARIEN,1,,,,,,,,,,,,,,,,,,,,,,,
CAROLINA,1,,,,,,,,,,,,,,,,,,,,,,,
CARTAGENA,0,,,,,,,,,,,,,,,,,,,,,,,
CARTAGENA DEL CHAIRA,1,,,,,,,,,,,,,,,,,,,,,,,
CARTAGO,0,,,,,,,,,,,,,,,,,,,,,,,
CARURU,1,,,,,,,,,,,,,,,,,,,,,,,
CASABIANCA,1,,,,,,,,,,,,,,,,,,,,,,,
CASTILLA LA NUEVA,1,,,,,,,,,,,,,,,,,,,,,,,
CAUCASIA,0,,,,,,,,,,,,,,,,,,,,,,,
CEPITA,1,,,,,,,,,,,,,,,,,,,,,,,
CERETE,0,,,,,,,,,,,,,,,,,,,,,,,
CERINZA,0,,,,,,,,,,,,,,,,,,,,,,,
CERRITO,1,,,,,,,,,,,,,,,,,,,,,,,
CERRO SAN ANTONIO,0,,,,,,,,,,,,,,,,,,,,,,,
CERTEGUI,1,,,,,,,,,,,,,,,,,,,,,,,
CHACHAGUI,0,,,,,,,,,,,,,,,,,,,,,,,
CHAGUANI,1,,,,,,,,,,,,,,,,,,,,,,,
CHALAN,0,,,,,,,,,,,,,,,,,,,,,,,
CHAMEZA,1,,,,,,,,,,,,,,,,,,,,,,,
CHAPARRAL,0,,,,,,,,,,,,,,,,,,,,,,,
CHARALA,1,,,,,,,,,,,,,,,,,,,,,,,
CHARTA,1,,,,,,,,,,,,,,,,,,,,,,,
CHIA,0,,,,,,,,,,,,,,,,,,,,,,,
CHIBOLO,0,,,,,,,,,,,,,,,,,,,,,,,
CHIGORODO,0,,,,,,,,,,,,,,,,,,,,,,,
CHIMA,1,,,,,,,,,,,,,,,,,,,,,,,
CHIMA,1,,,,,,,,,,,,,,,,,,,,,,,
CHIMICHAGUA,1,,,,,,,,,,,,,,,,,,,,,,,
CHINACOTA,0,,,,,,,,,,,,,,,,,,,,,,,
CHINAVITA,1,,,,,,,,,,,,,,,,,,,,,,,
CHINCHINA,0,,,,,,,,,,,,,,,,,,,,,,,
CHINU,0,,,,,,,,,,,,,,,,,,,,,,,
CHIPAQUE,1,,,,,,,,,,,,,,,,,,,,,,,
CHIPATA,1,,,,,,,,,,,,,,,,,,,,,,,
CHIQUINQUIRA,0,,,,,,,,,,,,,,,,,,,,,,,
CHIQUIZA,1,,,,,,,,,,,,,,,,,,,,,,,
CHIRIGUANA,1,,,,,,,,,,,,,,,,,,,,,,,
CHISCAS,1,,,,,,,,,,,,,,,,,,,,,,,
CHITA,1,,,,,,,,,,,,,,,,,,,,,,,
CHITAGA,1,,,,,,,,,,,,,,,,,,,,,,,
CHITARAQUE,1,,,,,,,,,,,,,,,,,,,,,,,
CHIVATA,0,,,,,,,,,,,,,,,,,,,,,,,
CHIVOR,1,,,,,,,,,,,,,,,,,,,,,,,
CHOACHI,0,,,,,,,,,,,,,,,,,,,,,,,
CHOCONTA,0,,,,,,,,,,,,,,,,,,,,,,,
CICUCO,0,,,,,,,,,,,,,,,,,,,,,,,
CIENAGA,0,,,,,,,,,,,,,,,,,,,,,,,
CIENAGA DE ORO,0,,,,,,,,,,,,,,,,,,,,,,,
CIENEGA,1,,,,,,,,,,,,,,,,,,,,,,,
CIMITARRA,1,,,,,,,,,,,,,,,,,,,,,,,
CIRCASIA,0,,,,,,,,,,,,,,,,,,,,,,,
CISNEROS,0,,,,,,,,,,,,,,,,,,,,,,,
CIUDAD BOLIVAR,0,,,,,,,,,,,,,,,,,,,,,,,
CLEMENCIA,0,,,,,,,,,,,,,,,,,,,,,,,
COCORNA,1,,,,,,,,,,,,,,,,,,,,,,,
COELLO,1,,,,,,,,,,,,,,,,,,,,,,,
COGUA,0,,,,,,,,,,,,,,,,,,,,,,,
COLOMBIA,1,,,,,,,,,,,,,,,,,,,,,,,
COLON,0,,,,,,,,,,,,,,,,,,,,,,,
COLON,0,,,,,,,,,,,,,,,,,,,,,,,
COLOSO,1,,,,,,,,,,,,,,,,,,,,,,,
COMBITA,1,,,,,,,,,,,,,,,,,,,,,,,
CONCEPCION,1,,,,,,,,,,,,,,,,,,,,,,,
CONCEPCION,1,,,,,,,,,,,,,,,,,,,,,,,
CONCORDIA,0,,,,,,,,,,,,,,,,,,,,,,,
CONCORDIA,0,,,,,,,,,,,,,,,,,,,,,,,
CONDOTO,1,,,,,,,,,,,,,,,,,,,,,,,
CONFINES,1,,,,,,,,,,,,,,,,,,,,,,,
CONSACA,1,,,,,,,,,,,,,,,,,,,,,,,
CONTADERO,0,,,,,,,,,,,,,,,,,,,,,,,
CONTRATACION,1,,,,,,,,,,,,,,,,,,,,,,,
CONVENCION,1,,,,,,,,,,,,,,,,,,,,,,,
COPACABANA,0,,,,,,,,,,,,,,,,,,,,,,,
COPER,1,,,,,,,,,,,,,,,,,,,,,,,
CORDOBA,1,,,,,,,,,,,,,,,,,,,,,,,
CORDOBA,1,,,,,,,,,,,,,,,,,,,,,,,
CORDOBA,1,,,,,,,,,,,,,,,,,,,,,,,
CORINTO,0,,,,,,,,,,,,,,,,,,,,,,,
COROMORO,1,,,,,,,,,,,,,,,,,,,,,,,
COROZAL,0,,,,,,,,,,,,,,,,,,,,,,,
CORRALES,1,,,,,,,,,,,,,,,,,,,,,,,
COTA,0,,,,,,,,,,,,,,,,,,,,,,,
COTORRA,0,,,,,,,,,,,,,,,,,,,,,,,
COVARACHIA,1,,,,,,,,,,,,,,,,,,,,,,,
COVENAS,0,,,,,,,,,,,,,,,,,,,,,,,
COYAIMA,1,,,,,,,,,,,,,,,,,,,,,,,
CRAVO NORTE,1,,,,,,,,,,,,,,,,,,,,,,,
CUASPUD,0,,,,,,,,,,,,,,,,,,,,,,,
CUBARA,1,,,,,,,,,,,,,,,,,,,,,,,
CUCAITA,0,,,,,,,,,,,,,,,,,,,,,,,
CUCUNUBA,1,,,,,,,,,,,,,,,,,,,,,,,
CUCUTA,0,,,,,,,,,,,,,,,,,,,,,,,
CUCUTILLA,1,,,,,,,,,,,,,,,,,,,,,,,
CUITIVA,1,,,,,,,,,,,,,,,,,,,,,,,
CUMARAL,1,,,,,,,,,,,,,,,,,,,,,,,
CUMARIBO,1,,,,,,,,,,,,,,,,,,,,,,,
CUMBAL,1,,,,,,,,,,,,,,,,,,,,,,,
CUMBITARA,1,,,,,,,,,,,,,,,,,,,,,,,
CUNDAY,1,,,,,,,,,,,,,,,,,,,,,,,
CURITI,1,,,,,,,,,,,,,,,,,,,,,,,
CURRILLO,0,,,,,,,,,,,,,,,,,,,,,,,
CURUMANI,1,,,,,,,,,,,,,,,,,,,,,,,
DABEIBA,1,,,,,,,,,,,,,,,,,,,,,,,
DAGUA,1,,,,,,,,,,,,,,,,,,,,,,,
DIBULLA,1,,,,,,,,,,,,,,,,,,,,,,,
DISTRACCION,0,,,,,,,,,,,,,,,,,,,,,,,
DOLORES,1,,,,,,,,,,,,,,,,,,,,,,,
DON MATIAS,0,,,,,,,,,,,,,,,,,,,,,,,
DOSQUEBRADAS,0,,,,,,,,,,,,,,,,,,,,,,,
DUITAMA,0,,,,,,,,,,,,,,,,,,,,,,,
DURANIA,1,,,,,,,,,,,,,,,,,,,,,,,
EBEJICO,1,,,,,,,,,,,,,,,,,,,,,,,
EL AGUILA,1,,,,,,,,,,,,,,,,,,,,,,,
EL BAGRE,0,,,,,,,,,,,,,,,,,,,,,,,
EL BANCO,0,,,,,,,,,,,,,,,,,,,,,,,
EL CAIRO,1,,,,,,,,,,,,,,,,,,,,,,,
EL CALVARIO,1,,,,,,,,,,,,,,,,,,,,,,,
EL CARMEN,1,,,,,,,,,,,,,,,,,,,,,,,
EL CARMEN DE ATRATO,1,,,,,,,,,,,,,,,,,,,,,,,
EL CARMEN DE CHUCURI,1,,,,,,,,,,,,,,,,,,,,,,,
EL CASTILLO,1,,,,,,,,,,,,,,,,,,,,,,,
EL CERRITO,0,,,,,,,,,,,,,,,,,,,,,,,
EL CHARCO,1,,,,,,,,,,,,,,,,,,,,,,,
EL COCUY,1,,,,,,,,,,,,,,,,,,,,,,,
EL COLEGIO,0,,,,,,,,,,,,,,,,,,,,,,,
EL COPEY,1,,,,,,,,,,,,,,,,,,,,,,,
EL DONCELLO,1,,,,,,,,,,,,,,,,,,,,,,,
EL DORADO,1,,,,,,,,,,,,,,,,,,,,,,,
EL DOVIO,1,,,,,,,,,,,,,,,,,,,,,,,
EL ENCANTO,1,,,,,,,,,,,,,,,,,,,,,,,
EL ESPINO,0,,,,,,,,,,,,,,,,,,,,,,,
EL GUACAMAYO,1,,,,,,,,,,,,,,,,,,,,,,,
EL GUAMO,1,,,,,,,,,,,,,,,,,,,,,,,
EL LITORAL DEL SAN JUAN,1,,,,,,,,,,,,,,,,,,,,,,,
EL MOLINO,1,,,,,,,,,,,,,,,,,,,,,,,
EL PASO,1,,,,,,,,,,,,,,,,,,,,,,,
EL PAUJIL,1,,,,,,,,,,,,,,,,,,,,,,,
EL PENOL,1,,,,,,,,,,,,,,,,,,,,,,,
EL PENON,1,,,,,,,,,,,,,,,,,,,,,,,
EL PENON,1,,,,,,,,,,,,,,,,,,,,,,,
EL PENON,1,,,,,,,,,,,,,,,,,,,,,,,
EL PINON,1,,,,,,,,,,,,,,,,,,,,,,,
EL PLAYON,1,,,,,,,,,,,,,,,,,,,,,,,
EL RETEN,0,,,,,,,,,,,,,,,,,,,,,,,
EL RETORNO,1,,,,,,,,,,,,,,,,,,,,,,,
EL ROBLE,0,,,,,,,,,,,,,,,,,,,,,,,
EL ROSAL,0,,,,,,,,,,,,,,,,,,,,,,,
EL ROSARIO,1,,,,,,,,,,,,,,,,,,,,,,,
EL TABLON DE GOMEZ,1,,,,,,,,,,,,,,,,,,,,,,,
EL TAMBO,1,,,,,,,,,,,,,,,,,,,,,,,
EL TAMBO,1,,,,,,,,,,,,,,,,,,,,,,,
EL TARRA,1,,,,,,,,,,,,,,,,,,,,,,,
EL ZULIA,1,,,,,,,,,,,,,,,,,,,,,,,
ELIAS,1,,,,,,,,,,,,,,,,,,,,,,,
ENCINO,1,,,,,,,,,,,,,,,,,,,,,,,
ENCISO,1,,,,,,,,,,,,,,,,,,,,,,,
ENTRERRIOS,1,,,,,,,,,,,,,,,,,,,,,,,
ENVIGADO,0,,,,,,,,,,,,,,,,,,,,,,,
ESPINAL,0,,,,,,,,,,,,,,,,,,,,,,,
FACATATIVA,0,,,,,,,,,,,,,,,,,,,,,,,
FALAN,1,,,,,,,,,,,,,,,,,,,,,,,
FILADELFIA,0,,,,,,,,,,,,,,,,,,,,,,,
FILANDIA,0,,,,,,,,,,,,,,,,,,,,,,,
FIRAVITOBA,0,,,,,,,,,,,,,,,,,,,,,,,
FLANDES,0,,,,,,,,,,,,,,,,,,,,,,,
FLORENCIA,0,,,,,,,,,,,,,,,,,,,,,,,
FLORENCIA,0,,,,,,,,,,,,,,,,,,,,,,,
FLORESTA,1,,,,,,,,,,,,,,,,,,,,,,,
FLORIAN,1,,,,,,,,,,,,,,,,,,,,,,,
FLORIDA,0,,,,,,,,,,,,,,,,,,,,,,,
FLORIDABLANCA,0,,,,,,,,,,,,,,,,,,,,,,,
FOMEQUE,1,,,,,,,,,,,,,,,,,,,,,,,
FONSECA,0,,,,,,,,,,,,,,,,,,,,,,,
FORTUL,1,,,,,,,,,,,,,,,,,,,,,,,
FOSCA,1,,,,,,,,,,,,,,,,,,,,,,,
FRANCISCO PIZARRO,1,,,,,,,,,,,,,,,,,,,,,,,
FREDONIA,0,,,,,,,,,,,,,,,,,,,,,,,
FRESNO,0,,,,,,,,,,,,,,,,,,,,,,,
FRONTINO,1,,,,,,,,,,,,,,,,,,,,,,,
FUENTE DE ORO,1,,,,,,,,,,,,,,,,,,,,,,,
FUNDACION,0,,,,,,,,,,,,,,,,,,,,,,,
FUNES,1,,,,,,,,,,,,,,,,,,,,,,,
FUNZA,0,,,,,,,,,,,,,,,,,,,,,,,
FUQUENE,1,,,,,,,,,,,,,,,,,,,,,,,
FUSAGASUGA,0,,,,,,,,,,,,,,,,,,,,,,,
GACHALA,1,,,,,,,,,,,,,,,,,,,,,,,
GACHANCIPA,0,,,,,,,,,,,,,,,,,,,,,,,
GACHANTIVA,1,,,,,,,,,,,,,,,,,,,,,,,
GACHETA,1,,,,,,,,,,,,,,,,,,,,,,,
GALAN,1,,,,,,,,,,,,,,,,,,,,,,,
GALAPA,0,,,,,,,,,,,,,,,,,,,,,,,
GALERAS,0,,,,,,,,,,,,,,,,,,,,,,,
GAMA,1,,,,,,,,,,,,,,,,,,,,,,,
GAMARRA,1,,,,,,,,,,,,,,,,,,,,,,,
GAMBITA,1,,,,,,,,,,,,,,,,,,,,,,,
GAMEZA,1,,,,,,,,,,,,,,,,,,,,,,,
GARAGOA,0,,,,,,,,,,,,,,,,,,,,,,,
GARZON,0,,,,,,,,,,,,,,,,,,,,,,,
GENOVA,1,,,,,,,,,,,,,,,,,,,,,,,
GIGANTE,0,,,,,,,,,,,,,,,,,,,,,,,
GINEBRA,0,,,,,,,,,,,,,,,,,,,,,,,
GIRALDO,1,,,,,,,,,,,,,,,,,,,,,,,
GIRARDOT,0,,,,,,,,,,,,,,,,,,,,,,,
GIRARDOTA,0,,,,,,,,,,,,,,,,,,,,,,,
GIRON,0,,,,,,,,,,,,,,,,,,,,,,,
GOMEZ PLATA,1,,,,,,,,,,,,,,,,,,,,,,,
GONZALEZ,1,,,,,,,,,,,,,,,,,,,,,,,
GRAMALOTE,1,,,,,,,,,,,,,,,,,,,,,,,
GRANADA,0,,,,,,,,,,,,,,,,,,,,,,,
GRANADA,0,,,,,,,,,,,,,,,,,,,,,,,
GRANADA,0,,,,,,,,,,,,,,,,,,,,,,,
GUACA,1,,,,,,,,,,,,,,,,,,,,,,,
GUACAMAYAS,1,,,,,,,,,,,,,,,,,,,,,,,
GUACARI,0,,,,,,,,,,,,,,,,,,,,,,,
GUACHETA,0,,,,,,,,,,,,,,,,,,,,,,,
GUACHUCAL,1,,,,,,,,,,,,,,,,,,,,,,,
GUADALUPE,1,,,,,,,,,,,,,,,,,,,,,,,
GUADALUPE,1,,,,,,,,,,,,,,,,,,,,,,,
GUADALUPE,1,,,,,,,,,,,,,,,,,,,,,,,
GUADUAS,1,,,,,,,,,,,,,,,,,,,,,,,
GUAITARILLA,0,,,,,,,,,,,,,,,,,,,,,,,
GUALMATAN,0,,,,,,,,,,,,,,,,,,,,,,,
GUAMAL,1,,,,,,,,,,,,,,,,,,,,,,,
GUAMAL,1,,,,,,,,,,,,,,,,,,,,,,,
GUAMO,0,,,,,,,,,,,,,,,,,,,,,,,
GUAPI,1,,,,,,,,,,,,,,,,,,,,,,,
GUAPOTA,1,,,,,,,,,,,,,,,,,,,,,,,
GUARANDA,1,,,,,,,,,,,,,,,,,,,,,,,
GUARNE,0,,,,,,,,,,,,,,,,,,,,,,,
GUASCA,1,,,,,,,,,,,,,,,,,,,,,,,
GUATAPE,0,,,,,,,,,,,,,,,,,,,,,,,
GUATAQUI,1,,,,,,,,,,,,,,,,,,,,,,,
GUATAVITA,1,,,,,,,,,,,,,,,,,,,,,,,
GUATEQUE,0,,,,,,,,,,,,,,,,,,,,,,,
GUATICA,0,,,,,,,,,,,,,,,,,,,,,,,
GUAVATA,1,,,,,,,,,,,,,,,,,,,,,,,
GUAYABAL DE SIQUIMA,1,,,,,,,,,,,,,,,,,,,,,,,
GUAYABETAL,1,,,,,,,,,,,,,,,,,,,,,,,
GUAYATA,1,,,,,,,,,,,,,,,,,,,,,,,
GUEPSA,0,,,,,,,,,,,,,,,,,,,,,,,
GUICAN,0,,,,,,,,,,,,,,,,,,,,,,,
GUTIERREZ,1,,,,,,,,,,,,,,,,,,,,,,,
HACARI,1,,,,,,,,,,,,,,,,,,,,,,,
HATILLO DE LOBA,1,,,,,,,,,,,,,,,,,,,,,,,
HATO,1,,,,,,,,,,,,,,,,,,,,,,,
HATO COROZAL,1,,,,,,,,,,,,,,,,,,,,,,,
HATONUEVO,0,,,,,,,,,,,,,,,,,,,,,,,
HELICONIA,0,,,,,,,,,,,,,,,,,,,,,,,
HERRAN,1,,,,,,,,,,,,,,,,,,,,,,,
HERVEO,1,,,,,,,,,,,,,,,,,,,,,,,
HISPANIA,0,,,,,,,,,,,,,,,,,,,,,,,
HOBO,1,,,,,,,,,,,,,,,,,,,,,,,
HONDA,0,,,,,,,,,,,,,,,,,,,,,,,
IBAGUE,0,,,,,,,,,,,,,,,,,,,,,,,
ICONONZO,0,,,,,,,,,,,,,,,,,,,,,,,
ILES,0,,,,,,,,,,,,,,,,,,,,,,,
IMUES,1,,,,,,,,,,,,,,,,,,,,,,,
INIRIDA,1,,,,,,,,,,,,,,,,,,,,,,,
INZA,1,,,,,,,,,,,,,,,,,,,,,,,
IPIALES,0,,,,,,,,,,,,,,,,,,,,,,,
IQUIRA,1,,,,,,,,,,,,,,,,,,,,,,,
ISNOS,1,,,,,,,,,,,,,,,,,,,,,,,
ITAGUI,0,,,,,,,,,,,,,,,,,,,,,,,
ITSMINA,0,,,,,,,,,,,,,,,,,,,,,,,
ITUANGO,1,,,,,,,,,,,,,,,,,,,,,,,
IZA,0,,,,,,,,,,,,,,,,,,,,,,,
JAMBALO,1,,,,,,,,,,,,,,,,,,,,,,,
JAMUNDI,0,,,,,,,,,,,,,,,,,,,,,,,
JARDIN,0,,,,,,,,,,,,,,,,,,,,,,,
JENESANO,0,,,,,,,,,,,,,,,,,,,,,,,
JERICO,1,,,,,,,,,,,,,,,,,,,,,,,
JERICO,1,,,,,,,,,,,,,,,,,,,,,,,
JERUSALEN,1,,,,,,,,,,,,,,,,,,,,,,,
JESUS MARIA,1,,,,,,,,,,,,,,,,,,,,,,,
JORDAN,1,,,,,,,,,,,,,,,,,,,,,,,
JUAN DE ACOSTA,0,,,,,,,,,,,,,,,,,,,,,,,
JUNIN,1,,,,,,,,,,,,,,,,,,,,,,,
JURADO,1,,,,,,,,,,,,,,,,,,,,,,,
LA APARTADA,0,,,,,,,,,,,,,,,,,,,,,,,
LA ARGENTINA,1,,,,,,,,,,,,,,,,,,,,,,,
LA BELLEZA,1,,,,,,,,,,,,,,,,,,,,,,,
LA CALERA,0,,,,,,,,,,,,,,,,,,,,,,,
LA CAPILLA,1,,,,,,,,,,,,,,,,,,,,,,,
LA CEJA,0,,,,,,,,,,,,,,,,,,,,,,,
LA CELIA,0,,,,,,,,,,,,,,,,,,,,,,,
LA CHORRERA,1,,,,,,,,,,,,,,,,,,,,,,,
LA CRUZ,0,,,,,,,,,,,,,,,,,,,,,,,
LA CUMBRE,1,,,,,,,,,,,,,,,,,,,,,,,
LA DORADA,0,,,,,,,,,,,,,,,,,,,,,,,
LA ESPERANZA,1,,,,,,,,,,,,,,,,,,,,,,,
LA ESTRELLA,0,,,,,,,,,,,,,,,,,,,,,,,
LA FLORIDA,1,,,,,,,,,,,,,,,,,,,,,,,
LA GLORIA,1,,,,,,,,,,,,,,,,,,,,,,,
LA GUADALUPE,1,,,,,,,,,,,,,,,,,,,,,,,
LA JAGUA DE IBIRICO,1,,,,,,,,,,,,,,,,,,,,,,,
LA JAGUA DEL PILAR,1,,,,,,,,,,,,,,,,,,,,,,,
LA LLANADA,1,,,,,,,,,,,,,,,,,,,,,,,
LA MACARENA,1,,,,,,,,,,,,,,,,,,,,,,,
LA MERCED,0,,,,,,,,,,,,,,,,,,,,,,,
LA MESA,0,,,,,,,,,,,,,,,,,,,,,,,
LA MONTANITA,1,,,,,,,,,,,,,,,,,,,,,,,
LA PALMA,0,,,,,,,,,,,,,,,,,,,,,,,
LA PAZ,1,,,,,,,,,,,,,,,,,,,,,,,
LA PAZ,1,,,,,,,,,,,,,,,,,,,,,,,
LA PEDRERA,1,,,,,,,,,,,,,,,,,,,,,,,
LA PENA,1,,,,,,,,,,,,,,,,,,,,,,,
LA PINTADA,0,,,,,,,,,,,,,,,,,,,,,,,
LA PLATA,0,,,,,,,,,,,,,,,,,,,,,,,
LA PLAYA,1,,,,,,,,,,,,,,,,,,,,,,,
LA PRIMAVERA,1,,,,,,,,,,,,,,,,,,,,,,,
LA SALINA,1,,,,,,,,,,,,,,,,,,,,,,,
LA SIERRA,1,,,,,,,,,,,,,,,,,,,,,,,
LA TEBAIDA,0,,,,,,,,,,,,,,,,,,,,,,,
LA TOLA,1,,,,,,,,,,,,,,,,,,,,,,,
LA UNION,1,,,,,,,,,,,,,,,,,,,,,,,
LA UNION,1,,,,,,,,,,,,,,,,,,,,,,,
LA UNION,1,,,,,,,,,,,,,,,,,,,,,,,
LA UNION,1,,,,,,,,,,,,,,,,,,,,,,,
LA URIBE,0,,,,,,,,,,,,,,,,,,,,,,,
LA UVITA,1,,,,,,,,,,,,,,,,,,,,,,,
LA VEGA,1,,,,,,,,,,,,,,,,,,,,,,,
LA VEGA,1,,,,,,,,,,,,,,,,,,,,,,,
LA VICTORIA,1,,,,,,,,,,,,,,,,,,,,,,,
LA VICTORIA,1,,,,,,,,,,,,,,,,,,,,,,,
LA VICTORIA,1,,,,,,,,,,,,,,,,,,,,,,,
LA VIRGINIA,0,,,,,,,,,,,,,,,,,,,,,,,
LABATECA,1,,,,,,,,,,,,,,,,,,,,,,,
LABRANZAGRANDE,1,,,,,,,,,,,,,,,,,,,,,,,
LANDAZURI,1,,,,,,,,,,,,,,,,,,,,,,,
LEBRIJA,0,,,,,,,,,,,,,,,,,,,,,,,
LEIVA,1,,,,,,,,,,,,,,,,,,,,,,,
LEJANIAS,1,,,,,,,,,,,,,,,,,,,,,,,
LENGUAZAQUE,1,,,,,,,,,,,,,,,,,,,,,,,
LERIDA,0,,,,,,,,,,,,,,,,,,,,,,,
LETICIA,1,,,,,,,,,,,,,,,,,,,,,,,
LIBANO,0,,,,,,,,,,,,,,,,,,,,,,,
LIBORINA,1,,,,,,,,,,,,,,,,,,,,,,,
LINARES,1,,,,,,,,,,,,,,,,,,,,,,,
LLORO,1,,,,,,,,,,,,,,,,,,,,,,,
LOPEZ,0,,,,,,,,,,,,,,,,,,,,,,,
LORICA,0,,,,,,,,,,,,,,,,,,,,,,,
LOS ANDES,1,,,,,,,,,,,,,,,,,,,,,,,
LOS CORDOBAS,1,,,,,,,,,,,,,,,,,,,,,,,
LOS PALMITOS,0,,,,,,,,,,,,,,,,,,,,,,,
LOS PATIOS,0,,,,,,,,,,,,,,,,,,,,,,,
LOS SANTOS,1,,,,,,,,,,,,,,,,,,,,,,,
LOURDES,1,,,,,,,,,,,,,,,,,,,,,,,
LURUACO,0,,,,,,,,,,,,,,,,,,,,,,,
MACANAL,1,,,,,,,,,,,,,,,,,,,,,,,
MACARAVITA,1,,,,,,,,,,,,,,,,,,,,,,,
MACEO,1,,,,,,,,,,,,,,,,,,,,,,,
MACHETA,1,,,,,,,,,,,,,,,,,,,,,,,
MADRID,0,,,,,,,,,,,,,,,,,,,,,,,
MAGANGUE,0,,,,,,,,,,,,,,,,,,,,,,,
MAGUI,1,,,,,,,,,,,,,,,,,,,,,,,
MAHATES,0,,,,,,,,,,,,,,,,,,,,,,,
MAICAO,0,,,,,,,,,,,,,,,,,,,,,,,
MAJAGUAL,1,,,,,,,,,,,,,,,,,,,,,,,
MALAGA,0,,,,,,,,,,,,,,,,,,,,,,,
MALAMBO,0,,,,,,,,,,,,,,,,,,,,,,,
MALLAMA,1,,,,,,,,,,,,,,,,,,,,,,,
MANATI,0,,,,,,,,,,,,,,,,,,,,,,,
MANAURE,0,,,,,,,,,,,,,,,,,,,,,,,
MANAURE,0,,,,,,,,,,,,,,,,,,,,,,,
MANI,1,,,,,,,,,,,,,,,,,,,,,,,
MANIZALES,0,,,,,,,,,,,,,,,,,,,,,,,
MANTA,1,,,,,,,,,,,,,,,,,,,,,,,
MANZANARES,0,,,,,,,,,,,,,,,,,,,,,,,
MAPIRIPAN,1,,,,,,,,,,,,,,,,,,,,,,,
MAPIRIPAN,1,,,,,,,,,,,,,,,,,,,,,,,
MARGARITA,1,,,,,,,,,,,,,,,,,,,,,,,
MARIA LA BAJA,0,,,,,,,,,,,,,,,,,,,,,,,
MARINILLA,0,,,,,,,,,,,,,,,,,,,,,,,
MARIPI,1,,,,,,,,,,,,,,,,,,,,,,,
MARIQUITA,0,,,,,,,,,,,,,,,,,,,,,,,
MARMATO,0,,,,,,,,,,,,,,,,,,,,,,,
MARQUETALIA,0,,,,,,,,,,,,,,,,,,,,,,,
MARSELLA,0,,,,,,,,,,,,,,,,,,,,,,,
MARULANDA,1,,,,,,,,,,,,,,,,,,,,,,,
MATANZA,1,,,,,,,,,,,,,,,,,,,,,,,
MEDELLIN,0,,,,,,,,,,,,,,,,,,,,,,,
MEDINA,1,,,,,,,,,,,,,,,,,,,,,,,
MEDIO ATRATO,1,,,,,,,,,,,,,,,,,,,,,,,
MEDIO BAUDO,1,,,,,,,,,,,,,,,,,,,,,,,
MEDIO SAN JUAN,1,,,,,,,,,,,,,,,,,,,,,,,
MELGAR,0,,,,,,,,,,,,,,,,,,,,,,,
MERCADERES,1,,,,,,,,,,,,,,,,,,,,,,,
MESETAS,1,,,,,,,,,,,,,,,,,,,,,,,
MILAN,1,,,,,,,,,,,,,,,,,,,,,,,
MIRAFLORES,1,,,,,,,,,,,,,,,,,,,,,,,
MIRAFLORES,1,,,,,,,,,,,,,,,,,,,,,,,
MIRANDA,0,,,,,,,,,,,,,,,,,,,,,,,
MIRITI - PARANA,1,,,,,,,,,,,,,,,,,,,,,,,
MISTRATO,1,,,,,,,,,,,,,,,,,,,,,,,
MITU,1,,,,,,,,,,,,,,,,,,,,,,,
MOCOA,0,,,,,,,,,,,,,,,,,,,,,,,
MOGOTES,1,,,,,,,,,,,,,,,,,,,,,,,
MOLAGAVITA,1,,,,,,,,,,,,,,,,,,,,,,,
MOMIL,0,,,,,,,,,,,,,,,,,,,,,,,
MOMPOS,0,,,,,,,,,,,,,,,,,,,,,,,
MONGUA,1,,,,,,,,,,,,,,,,,,,,,,,
MONGUI,0,,,,,,,,,,,,,,,,,,,,,,,
MONIQUIRA,0,,,,,,,,,,,,,,,,,,,,,,,
MONITOS,0,,,,,,,,,,,,,,,,,,,,,,,
MONTEBELLO,0,,,,,,,,,,,,,,,,,,,,,,,
MONTECRISTO,1,,,,,,,,,,,,,,,,,,,,,,,
MONTELIBANO,0,,,,,,,,,,,,,,,,,,,,,,,
MONTENGRO,0,,,,,,,,,,,,,,,,,,,,,,,
MONTERIA,0,,,,,,,,,,,,,,,,,,,,,,,
MONTERREY,1,,,,,,,,,,,,,,,,,,,,,,,
MORALES,1,,,,,,,,,,,,,,,,,,,,,,,
MORALES,1,,,,,,,,,,,,,,,,,,,,,,,
MORELIA,1,,,,,,,,,,,,,,,,,,,,,,,
MORICHAL,1,,,,,,,,,,,,,,,,,,,,,,,
MORROA,0,,,,,,,,,,,,,,,,,,,,,,,
MOSQUERA,1,,,,,,,,,,,,,,,,,,,,,,,
MOSQUERA,1,,,,,,,,,,,,,,,,,,,,,,,
MOTAVITA,0,,,,,,,,,,,,,,,,,,,,,,,
MURILLO,1,,,,,,,,,,,,,,,,,,,,,,,
MURINDO,1,,,,,,,,,,,,,,,,,,,,,,,
MUTATA,1,,,,,,,,,,,,,,,,,,,,,,,
MUTISCUA,1,,,,,,,,,,,,,,,,,,,,,,,
MUZO,0,,,,,,,,,,,,,,,,,,,,,,,
NARINO,1,,,,,,,,,,,,,,,,,,,,,,,
NARINO,1,,,,,,,,,,,,,,,,,,,,,,,
NARINO,1,,,,,,,,,,,,,,,,,,,,,,,
NATAGA,1,,,,,,,,,,,,,,,,,,,,,,,
NATAGAIMA,1,,,,,,,,,,,,,,,,,,,,,,,
NECHI,1,,,,,,,,,,,,,,,,,,,,,,,
NECOCLI,1,,,,,,,,,,,,,,,,,,,,,,,
NEIRA,0,,,,,,,,,,,,,,,,,,,,,,,
NEIVA,0,,,,,,,,,,,,,,,,,,,,,,,
NEMOCON,0,,,,,,,,,,,,,,,,,,,,,,,
NILO,1,,,,,,,,,,,,,,,,,,,,,,,
NIMAIMA,0,,,,,,,,,,,,,,,,,,,,,,,
NOBSA,0,,,,,,,,,,,,,,,,,,,,,,,
NOCAIMA,0,,,,,,,,,,,,,,,,,,,,,,,
NORCASIA,1,,,,,,,,,,,,,,,,,,,,,,,
NOVITA,1,,,,,,,,,,,,,,,,,,,,,,,
NUEVA GRANADA,1,,,,,,,,,,,,,,,,,,,,,,,
NUEVO COLON,0,,,,,,,,,,,,,,,,,,,,,,,
NUNCHIA,1,,,,,,,,,,,,,,,,,,,,,,,
NUQUI,1,,,,,,,,,,,,,,,,,,,,,,,
OBANDO,0,,,,,,,,,,,,,,,,,,,,,,,
OCAMONTE,1,,,,,,,,,,,,,,,,,,,,,,,
OCANA,0,,,,,,,,,,,,,,,,,,,,,,,
OIBA,1,,,,,,,,,,,,,,,,,,,,,,,
OICATA,1,,,,,,,,,,,,,,,,,,,,,,,
OLAYA,1,,,,,,,,,,,,,,,,,,,,,,,
OLAYA HERRERA,1,,,,,,,,,,,,,,,,,,,,,,,
ONZAGA,1,,,,,,,,,,,,,,,,,,,,,,,
OPORAPA,1,,,,,,,,,,,,,,,,,,,,,,,
ORITO,1,,,,,,,,,,,,,,,,,,,,,,,
OROCUE,1,,,,,,,,,,,,,,,,,,,,,,,
ORTEGA,1,,,,,,,,,,,,,,,,,,,,,,,
OSPINA,0,,,,,,,,,,,,,,,,,,,,,,,
OTANCHE,1,,,,,,,,,,,,,,,,,,,,,,,
OVEJAS,1,,,,,,,,,,,,,,,,,,,,,,,
PACHAVITA,1,,,,,,,,,,,,,,,,,,,,,,,
PACHO,0,,,,,,,,,,,,,,,,,,,,,,,
PACOA,1,,,,,,,,,,,,,,,,,,,,,,,
PACORA,1,,,,,,,,,,,,,,,,,,,,,,,
PADILLA,0,,,,,,,,,,,,,,,,,,,,,,,
PAEZ,1,,,,,,,,,,,,,,,,,,,,,,,
PAEZ,1,,,,,,,,,,,,,,,,,,,,,,,
PAICOL,1,,,,,,,,,,,,,,,,,,,,,,,
PAILITAS,1,,,,,,,,,,,,,,,,,,,,,,,
PAIME,1,,,,,,,,,,,,,,,,,,,,,,,
PAIPA,0,,,,,,,,,,,,,,,,,,,,,,,
PAJARITO,1,,,,,,,,,,,,,,,,,,,,,,,
PALERMO,1,,,,,,,,,,,,,,,,,,,,,,,
PALESTINA,1,,,,,,,,,,,,,,,,,,,,,,,
PALESTINA,1,,,,,,,,,,,,,,,,,,,,,,,
PALMAR,0,,,,,,,,,,,,,,,,,,,,,,,
PALMAR DE VARELA,0,,,,,,,,,,,,,,,,,,,,,,,
PALMAS DEL SOCORRO,1,,,,,,,,,,,,,,,,,,,,,,,
PALMIRA,0,,,,,,,,,,,,,,,,,,,,,,,
PALMITO,0,,,,,,,,,,,,,,,,,,,,,,,
PALOCABILDO,0,,,,,,,,,,,,,,,,,,,,,,,
PAMPLONA,0,,,,,,,,,,,,,,,,,,,,,,,
PAMPLONITA,1,,,,,,,,,,,,,,,,,,,,,,,
PANA PANA,1,,,,,,,,,,,,,,,,,,,,,,,
PANDI,1,,,,,,,,,,,,,,,,,,,,,,,
PANQUEBA,1,,,,,,,,,,,,,,,,,,,,,,,
PAPUNAHUA,1,,,,,,,,,,,,,,,,,,,,,,,
PARAMO,0,,,,,,,,,,,,,,,,,,,,,,,
PARATEBUENO,1,,,,,,,,,,,,,,,,,,,,,,,
PASCA,1,,,,,,,,,,,,,,,,,,,,,,,
PASTO,0,,,,,,,,,,,,,,,,,,,,,,,
PATIA,1,,,,,,,,,,,,,,,,,,,,,,,
PAUNA,1,,,,,,,,,,,,,,,,,,,,,,,
PAYA,1,,,,,,,,,,,,,,,,,,,,,,,
PAZ DE ARIPORO,1,,,,,,,,,,,,,,,,,,,,,,,
PAZ DE RIO,1,,,,,,,,,,,,,,,,,,,,,,,
PEDRAZA,1,,,,,,,,,,,,,,,,,,,,,,,
PELAYA,1,,,,,,,,,,,,,,,,,,,,,,,
PENOL,0,,,,,,,,,,,,,,,,,,,,,,,
PENSILVANIA,1,,,,,,,,,,,,,,,,,,,,,,,
PEQUE,1,,,,,,,,,,,,,,,,,,,,,,,
PEREIRA,0,,,,,,,,,,,,,,,,,,,,,,,
PESCA,1,,,,,,,,,,,,,,,,,,,,,,,
PIAMONTE,1,,,,,,,,,,,,,,,,,,,,,,,
PIEDECUESTA,0,,,,,,,,,,,,,,,,,,,,,,,
PIEDRAS,1,,,,,,,,,,,,,,,,,,,,,,,
PIENDAMO,0,,,,,,,,,,,,,,,,,,,,,,,
PIJAO,1,,,,,,,,,,,,,,,,,,,,,,,
PIJINO DEL CARMEN,1,,,,,,,,,,,,,,,,,,,,,,,
PINCHOTE,1,,,,,,,,,,,,,,,,,,,,,,,
PINILLOS,1,,,,,,,,,,,,,,,,,,,,,,,
PIOJO,1,,,,,,,,,,,,,,,,,,,,,,,
PISBA,1,,,,,,,,,,,,,,,,,,,,,,,
PITAL,0,,,,,,,,,,,,,,,,,,,,,,,
PITALITO,0,,,,,,,,,,,,,,,,,,,,,,,
PIVIJAY,1,,,,,,,,,,,,,,,,,,,,,,,
PLANADAS,1,,,,,,,,,,,,,,,,,,,,,,,
PLANETA RICA,0,,,,,,,,,,,,,,,,,,,,,,,
PLATO,0,,,,,,,,,,,,,,,,,,,,,,,
POLICARPA,1,,,,,,,,,,,,,,,,,,,,,,,
POLONUEVO,0,,,,,,,,,,,,,,,,,,,,,,,
PONEDERA,0,,,,,,,,,,,,,,,,,,,,,,,
POPAYAN,0,,,,,,,,,,,,,,,,,,,,,,,
PORE,1,,,,,,,,,,,,,,,,,,,,,,,
POTOSI,1,,,,,,,,,,,,,,,,,,,,,,,
PRADERA,0,,,,,,,,,,,,,,,,,,,,,,,
PRADO,1,,,,,,,,,,,,,,,,,,,,,,,
PROVIDENCIA,0,,,,,,,,,,,,,,,,,,,,,,,
PROVIDENCIA Y SANTA CATALINA,0,,,,,,,,,,,,,,,,,,,,,,,
PUEBLO BELLO,1,,,,,,,,,,,,,,,,,,,,,,,
PUEBLO NUEVO,1,,,,,,,,,,,,,,,,,,,,,,,
PUEBLO RICO,1,,,,,,,,,,,,,,,,,,,,,,,
PUEBLO VIEJO,0,,,,,,,,,,,,,,,,,,,,,,,
PUEBLORRICO,0,,,,,,,,,,,,,,,,,,,,,,,
PUENTE NACIONAL,1,,,,,,,,,,,,,,,,,,,,,,,
PUERRES,1,,,,,,,,,,,,,,,,,,,,,,,
PUERTO ALEGRIA,1,,,,,,,,,,,,,,,,,,,,,,,
PUERTO ARICA,1,,,,,,,,,,,,,,,,,,,,,,,
PUERTO ASIS,0,,,,,,,,,,,,,,,,,,,,,,,
PUERTO BERRIO,0,,,,,,,,,,,,,,,,,,,,,,,
PUERTO BOYACA,0,,,,,,,,,,,,,,,,,,,,,,,
PUERTO CAICEDO,1,,,,,,,,,,,,,,,,,,,,,,,
PUERTO CARRENO,1,,,,,,,,,,,,,,,,,,,,,,,
PUERTO COLOMBIA,1,,,,,,,,,,,,,,,,,,,,,,,
PUERTO COLOMBIA,1,,,,,,,,,,,,,,,,,,,,,,,
PUERTO CONCORDIA,1,,,,,,,,,,,,,,,,,,,,,,,
PUERTO ESCONDIDO,1,,,,,,,,,,,,,,,,,,,,,,,
PUERTO GAITAN,1,,,,,,,,,,,,,,,,,,,,,,,
PUERTO GUZMAN,1,,,,,,,,,,,,,,,,,,,,,,,
PUERTO LEGUIZAMO,1,,,,,,,,,,,,,,,,,,,,,,,
PUERTO LIBERTADOR,1,,,,,,,,,,,,,,,,,,,,,,,
PUERTO LLERAS,1,,,,,,,,,,,,,,,,,,,,,,,
PUERTO LOPEZ,1,,,,,,,,,,,,,,,,,,,,,,,
PUERTO NARE,1,,,,,,,,,,,,,,,,,,,,,,,
PUERTO NARINO,1,,,,,,,,,,,,,,,,,,,,,,,
PUERTO PARRA,1,,,,,,,,,,,,,,,,,,,,,,,
PUERTO RICO,1,,,,,,,,,,,,,,,,,,,,,,,
PUERTO RICO,1,,,,,,,,,,,,,,,,,,,,,,,
PUERTO RONDON,1,,,,,,,,,,,,,,,,,,,,,,,
PUERTO SALGAR,1,,,,,,,,,,,,,,,,,,,,,,,
PUERTO SANTANDER,1,,,,,,,,,,,,,,,,,,,,,,,
PUERTO SANTANDER,1,,,,,,,,,,,,,,,,,,,,,,,
PUERTO TEJADA,0,,,,,,,,,,,,,,,,,,,,,,,
PUERTO TRIUNFO,0,,,,,,,,,,,,,,,,,,,,,,,
PUERTO WILCHES,1,,,,,,,,,,,,,,,,,,,,,,,
PULI,1,,,,,,,,,,,,,,,,,,,,,,,
PUPIALES,0,,,,,,,,,,,,,,,,,,,,,,,
PURACE,1,,,,,,,,,,,,,,,,,,,,,,,
PURIFICACION,0,,,,,,,,,,,,,,,,,,,,,,,
PURISIMA,0,,,,,,,,,,,,,,,,,,,,,,,
QUEBRADANEGRA,1,,,,,,,,,,,,,,,,,,,,,,,
QUETAME,1,,,,,,,,,,,,,,,,,,,,,,,
QUIBDO,0,,,,,,,,,,,,,,,,,,,,,,,
QUIMBAYA,0,,,,,,,,,,,,,,,,,,,,,,,
QUINCHIA,0,,,,,,,,,,,,,,,,,,,,,,,
QUIPAMA,1,,,,,,,,,,,,,,,,,,,,,,,
QUIPILE,1,,,,,,,,,,,,,,,,,,,,,,,
RAGONVALIA,0,,,,,,,,,,,,,,,,,,,,,,,
RAMIRIQUI,0,,,,,,,,,,,,,,,,,,,,,,,
RAQUIRA,1,,,,,,,,,,,,,,,,,,,,,,,
RECETOR,1,,,,,,,,,,,,,,,,,,,,,,,
REGIDOR,0,,,,,,,,,,,,,,,,,,,,,,,
REMEDIOS,1,,,,,,,,,,,,,,,,,,,,,,,
REMOLINO,1,,,,,,,,,,,,,,,,,,,,,,,
REPELON,0,,,,,,,,,,,,,,,,,,,,,,,
RESTREPO,1,,,,,,,,,,,,,,,,,,,,,,,
RESTREPO,1,,,,,,,,,,,,,,,,,,,,,,,
RETIRO,0,,,,,,,,,,,,,,,,,,,,,,,
RICAURTE,1,,,,,,,,,,,,,,,,,,,,,,,
RICAURTE,1,,,,,,,,,,,,,,,,,,,,,,,
RIO DE ORO,1,,,,,,,,,,,,,,,,,,,,,,,
RIO FRIO,0,,,,,,,,,,,,,,,,,,,,,,,
RIO QUITO,1,,,,,,,,,,,,,,,,,,,,,,,
RIO VIEJO,1,,,,,,,,,,,,,,,,,,,,,,,
RIOBLANCO,1,,,,,,,,,,,,,,,,,,,,,,,
RIOFRIO,1,,,,,,,,,,,,,,,,,,,,,,,
RIOHACHA,0,,,,,,,,,,,,,,,,,,,,,,,
RIONEGRO,1,,,,,,,,,,,,,,,,,,,,,,,
RIONEGRO,1,,,,,,,,,,,,,,,,,,,,,,,
RIOSUCIO,1,,,,,,,,,,,,,,,,,,,,,,,
RIOSUCIO,1,,,,,,,,,,,,,,,,,,,,,,,
RISARALDA,0,,,,,,,,,,,,,,,,,,,,,,,
RIVERA,1,,,,,,,,,,,,,,,,,,,,,,,
ROBERTO PAYAN,1,,,,,,,,,,,,,,,,,,,,,,,
ROLDANILLO,0,,,,,,,,,,,,,,,,,,,,,,,
RONCESVALLES,1,,,,,,,,,,,,,,,,,,,,,,,
RONDON,1,,,,,,,,,,,,,,,,,,,,,,,
ROSAS,0,,,,,,,,,,,,,,,,,,,,,,,
ROVIRA,1,,,,,,,,,,,,,,,,,,,,,,,
SABANA DE TORRES,1,,,,,,,,,,,,,,,,,,,,,,,
SABANAGRANDE,0,,,,,,,,,,,,,,,,,,,,,,,
SABANALARGA,1,,,,,,,,,,,,,,,,,,,,,,,
SABANALARGA,1,,,,,,,,,,,,,,,,,,,,,,,
SABANALARGA,1,,,,,,,,,,,,,,,,,,,,,,,
SABANAS DE SAN ANGEL,1,,,,,,,,,,,,,,,,,,,,,,,
SABANETA,0,,,,,,,,,,,,,,,,,,,,,,,
SABOYA,1,,,,,,,,,,,,,,,,,,,,,,,
SACAMA,1,,,,,,,,,,,,,,,,,,,,,,,
SACHICA,0,,,,,,,,,,,,,,,,,,,,,,,
SAHAGUN,0,,,,,,,,,,,,,,,,,,,,,,,
SALADOBLANCO,1,,,,,,,,,,,,,,,,,,,,,,,
SALAMINA,1,,,,,,,,,,,,,,,,,,,,,,,
SALAMINA,1,,,,,,,,,,,,,,,,,,,,,,,
SALAZAR,1,,,,,,,,,,,,,,,,,,,,,,,
SALDANA,0,,,,,,,,,,,,,,,,,,,,,,,
SALENTO,1,,,,,,,,,,,,,,,,,,,,,,,
SALGAR,1,,,,,,,,,,,,,,,,,,,,,,,
SAMACA,0,,,,,,,,,,,,,,,,,,,,,,,
SAMANA,1,,,,,,,,,,,,,,,,,,,,,,,
SAMANIEGO,0,,,,,,,,,,,,,,,,,,,,,,,
SAMPUES,0,,,,,,,,,,,,,,,,,,,,,,,
SAN AGUSTIN,1,,,,,,,,,,,,,,,,,,,,,,,
SAN ALBERTO,1,,,,,,,,,,,,,,,,,,,,,,,
SAN ANDRES,1,,,,,,,,,,,,,,,,,,,,,,,
SAN ANDRES,1,,,,,,,,,,,,,,,,,,,,,,,
SAN ANDRES,1,,,,,,,,,,,,,,,,,,,,,,,
SAN ANDRES SOTAVENTO,0,,,,,,,,,,,,,,,,,,,,,,,
SAN ANTERO,0,,,,,,,,,,,,,,,,,,,,,,,
SAN ANTONIO,1,,,,,,,,,,,,,,,,,,,,,,,
SAN ANTONIO DE TEQUENDAMA,0,,,,,,,,,,,,,,,,,,,,,,,
SAN BENITO,1,,,,,,,,,,,,,,,,,,,,,,,
SAN BENITO ABAD,1,,,,,,,,,,,,,,,,,,,,,,,
SAN BERNARDO,1,,,,,,,,,,,,,,,,,,,,,,,
SAN BERNARDO,1,,,,,,,,,,,,,,,,,,,,,,,
SAN BERNARDO DEL VIENTO,0,,,,,,,,,,,,,,,,,,,,,,,
SAN CALIXTO,1,,,,,,,,,,,,,,,,,,,,,,,
SAN CARLOS,1,,,,,,,,,,,,,,,,,,,,,,,
SAN CARLOS,1,,,,,,,,,,,,,,,,,,,,,,,
SAN CARLOS GUAROA,0,,,,,,,,,,,,,,,,,,,,,,,
SAN CAYETANO,1,,,,,,,,,,,,,,,,,,,,,,,
SAN CAYETANO,1,,,,,,,,,,,,,,,,,,,,,,,
SAN CRISTOBAL,0,,,,,,,,,,,,,,,,,,,,,,,
SAN DIEGO,1,,,,,,,,,,,,,,,,,,,,,,,
SAN EDUARDO,1,,,,,,,,,,,,,,,,,,,,,,,
SAN ESTANISLAO,0,,,,,,,,,,,,,,,,,,,,,,,
SAN FELIPE,1,,,,,,,,,,,,,,,,,,,,,,,
SAN FERNANDO,1,,,,,,,,,,,,,,,,,,,,,,,
SAN FRANCISCO,1,,,,,,,,,,,,,,,,,,,,,,,
SAN FRANCISCO,1,,,,,,,,,,,,,,,,,,,,,,,
SAN FRANCISCO,1,,,,,,,,,,,,,,,,,,,,,,,
SAN GIL,0,,,,,,,,,,,,,,,,,,,,,,,
SAN JACINTO,1,,,,,,,,,,,,,,,,,,,,,,,
SAN JACINTO DEL CAUCA,1,,,,,,,,,,,,,,,,,,,,,,,
SAN JERONIMO,0,,,,,,,,,,,,,,,,,,,,,,,
SAN JOAQUIN,1,,,,,,,,,,,,,,,,,,,,,,,
SAN JOSE,0,,,,,,,,,,,,,,,,,,,,,,,
SAN JOSE DE LA MONTANA,1,,,,,,,,,,,,,,,,,,,,,,,
SAN JOSE DE MIRANDA,1,,,,,,,,,,,,,,,,,,,,,,,
SAN JOSE DE PARE,1,,,,,,,,,,,,,,,,,,,,,,,
SAN JOSE DEL FRAGUA,1,,,,,,,,,,,,,,,,,,,,,,,
SAN JOSE DEL GUAVIARE,1,,,,,,,,,,,,,,,,,,,,,,,
SAN JOSE DEL PALMAR,1,,,,,,,,,,,,,,,,,,,,,,,
SAN JUAN BETULIA,0,,,,,,,,,,,,,,,,,,,,,,,
SAN JUAN DE ARAMA,1,,,,,,,,,,,,,,,,,,,,,,,
SAN JUAN DE RIO SECO,0,,,,,,,,,,,,,,,,,,,,,,,
SAN JUAN DE URABA,0,,,,,,,,,,,,,,,,,,,,,,,
SAN JUAN DEL CESAR,1,,,,,,,,,,,,,,,,,,,,,,,
SAN JUAN NEPOMUCENO,0,,,,,,,,,,,,,,,,,,,,,,,
SAN JUANITO,1,,,,,,,,,,,,,,,,,,,,,,,
SAN LORENZO,1,,,,,,,,,,,,,,,,,,,,,,,
SAN LUIS,1,,,,,,,,,,,,,,,,,,,,,,,
SAN LUIS,1,,,,,,,,,,,,,,,,,,,,,,,
SAN LUIS DE CUBARRAL,0,,,,,,,,,,,,,,,,,,,,,,,
SAN LUIS DE GACENO,1,,,,,,,,,,,,,,,,,,,,,,,
SAN LUIS DE PALENQUE,1,,,,,,,,,,,,,,,,,,,,,,,
SAN MARCOS,0,,,,,,,,,,,,,,,,,,,,,,,
SAN MARTIN,1,,,,,,,,,,,,,,,,,,,,,,,
SAN MARTIN,1,,,,,,,,,,,,,,,,,,,,,,,
SAN MARTIN DE LOBA,1,,,,,,,,,,,,,,,,,,,,,,,
SAN MATEO,1,,,,,,,,,,,,,,,,,,,,,,,
SAN MIGUEL,1,,,,,,,,,,,,,,,,,,,,,,,
SAN MIGUEL,1,,,,,,,,,,,,,,,,,,,,,,,
SAN MIGUEL DE SEMA,1,,,,,,,,,,,,,,,,,,,,,,,
SAN ONOFRE,1,,,,,,,,,,,,,,,,,,,,,,,
SAN PABLO,0,,,,,,,,,,,,,,,,,,,,,,,
SAN PABLO,0,,,,,,,,,,,,,,,,,,,,,,,
SAN PABLO BORBUR,0,,,,,,,,,,,,,,,,,,,,,,,
SAN PEDRO,0,,,,,,,,,,,,,,,,,,,,,,,
SAN PEDRO,0,,,,,,,,,,,,,,,,,,,,,,,
SAN PEDRO,0,,,,,,,,,,,,,,,,,,,,,,,
SAN PEDRO DE CARTAGO,0,,,,,,,,,,,,,,,,,,,,,,,
SAN PEDRO DE URABA,0,,,,,,,,,,,,,,,,,,,,,,,
SAN PELAYO,1,,,,,,,,,,,,,,,,,,,,,,,
SAN RAFAEL,1,,,,,,,,,,,,,,,,,,,,,,,
SAN ROQUE,1,,,,,,,,,,,,,,,,,,,,,,,
SAN ROSA VITERBO,0,,,,,,,,,,,,,,,,,,,,,,,
SAN SEBASTIAN,1,,,,,,,,,,,,,,,,,,,,,,,
SAN SEBASTIAN DE BUENAVISTA,1,,,,,,,,,,,,,,,,,,,,,,,
SAN VICENTE,0,,,,,,,,,,,,,,,,,,,,,,,
SAN VICENTE DE CHUCURI,1,,,,,,,,,,,,,,,,,,,,,,,
SAN VICENTE DEL CAGUAN,1,,,,,,,,,,,,,,,,,,,,,,,
SAN ZENON,1,,,,,,,,,,,,,,,,,,,,,,,
SANDONA,0,,,,,,,,,,,,,,,,,,,,,,,
SANTA ANA,1,,,,,,,,,,,,,,,,,,,,,,,
SANTA BARBARA,1,,,,,,,,,,,,,,,,,,,,,,,
SANTA BARBARA,1,,,,,,,,,,,,,,,,,,,,,,,
SANTA BARBARA,1,,,,,,,,,,,,,,,,,,,,,,,
SANTA BARBARA DE PINTO,1,,,,,,,,,,,,,,,,,,,,,,,
SANTA CATALINA,0,,,,,,,,,,,,,,,,,,,,,,,
SANTA CRUZ,0,,,,,,,,,,,,,,,,,,,,,,,
SANTA HELENA DEL OPON,1,,,,,,,,,,,,,,,,,,,,,,,
SANTA ISABEL,1,,,,,,,,,,,,,,,,,,,,,,,
SANTA LUCIA,0,,,,,,,,,,,,,,,,,,,,,,,
SANTA MARIA,1,,,,,,,,,,,,,,,,,,,,,,,
SANTA MARIA,1,,,,,,,,,,,,,,,,,,,,,,,
SANTA MARTA,0,,,,,,,,,,,,,,,,,,,,,,,
SANTA ROSA,1,,,,,,,,,,,,,,,,,,,,,,,
SANTA ROSA DE CABAL,0,,,,,,,,,,,,,,,,,,,,,,,
SANTA ROSA DE LIMA,0,,,,,,,,,,,,,,,,,,,,,,,
SANTA ROSA DE OSOS,1,,,,,,,,,,,,,,,,,,,,,,,
SANTA ROSA DEL SUR,1,,,,,,,,,,,,,,,,,,,,,,,
SANTA ROSALIA,1,,,,,,,,,,,,,,,,,,,,,,,
SANTA SOFIA,1,,,,,,,,,,,,,,,,,,,,,,,
SANTAFE DE ANTIOQUIA,0,,,,,,,,,,,,,,,,,,,,,,,
SANTANA,0,,,,,,,,,,,,,,,,,,,,,,,
SANTANDER DE QUILICHAO,0,,,,,,,,,,,,,,,,,,,,,,,
SANTIAGO,1,,,,,,,,,,,,,,,,,,,,,,,
SANTIAGO,1,,,,,,,,,,,,,,,,,,,,,,,
SANTIAGO DE TOLU,0,,,,,,,,,,,,,,,,,,,,,,,
SANTO DOMINGO,1,,,,,,,,,,,,,,,,,,,,,,,
SANTO TOMAS,0,,,,,,,,,,,,,,,,,,,,,,,
SANTUARIO,0,,,,,,,,,,,,,,,,,,,,,,,
SANTUARIO,0,,,,,,,,,,,,,,,,,,,,,,,
SAPUYES,1,,,,,,,,,,,,,,,,,,,,,,,
SARAVENA,0,,,,,,,,,,,,,,,,,,,,,,,
SARDINATA,1,,,,,,,,,,,,,,,,,,,,,,,
SASAIMA,1,,,,,,,,,,,,,,,,,,,,,,,
SATIVANORTE,1,,,,,,,,,,,,,,,,,,,,,,,
SATIVASUR,1,,,,,,,,,,,,,,,,,,,,,,,
SEGOVIA,0,,,,,,,,,,,,,,,,,,,,,,,
SESQUILE,1,,,,,,,,,,,,,,,,,,,,,,,
SEVILLA,0,,,,,,,,,,,,,,,,,,,,,,,
SIACHOQUE,1,,,,,,,,,,,,,,,,,,,,,,,
SIBATE,0,,,,,,,,,,,,,,,,,,,,,,,
SIBUNDOY,0,,,,,,,,,,,,,,,,,,,,,,,
SILOS,1,,,,,,,,,,,,,,,,,,,,,,,
SILVANIA,0,,,,,,,,,,,,,,,,,,,,,,,
SILVIA,1,,,,,,,,,,,,,,,,,,,,,,,
SIMACOTA,1,,,,,,,,,,,,,,,,,,,,,,,
SIMIJACA,0,,,,,,,,,,,,,,,,,,,,,,,
SIMITI,1,,,,,,,,,,,,,,,,,,,,,,,
SINCE,0,,,,,,,,,,,,,,,,,,,,,,,
SINCELEJO,0,,,,,,,,,,,,,,,,,,,,,,,
SIPI,1,,,,,,,,,,,,,,,,,,,,,,,
SITIONUEVO,1,,,,,,,,,,,,,,,,,,,,,,,
SOACHA,0,,,,,,,,,,,,,,,,,,,,,,,
SOATA,0,,,,,,,,,,,,,,,,,,,,,,,
SOCHA,1,,,,,,,,,,,,,,,,,,,,,,,
SOCORRO,0,,,,,,,,,,,,,,,,,,,,,,,
SOCOTA,1,,,,,,,,,,,,,,,,,,,,,,,
SOGAMOSO,0,,,,,,,,,,,,,,,,,,,,,,,
SOLANO,1,,,,,,,,,,,,,,,,,,,,,,,
SOLEDAD,0,,,,,,,,,,,,,,,,,,,,,,,
SOLITA,1,,,,,,,,,,,,,,,,,,,,,,,
SOMONDOCO,1,,,,,,,,,,,,,,,,,,,,,,,
SONSON,1,,,,,,,,,,,,,,,,,,,,,,,
SOPETRAN,0,,,,,,,,,,,,,,,,,,,,,,,
SOPLAVIENTO,0,,,,,,,,,,,,,,,,,,,,,,,
SOPO,0,,,,,,,,,,,,,,,,,,,,,,,
SORA,1,,,,,,,,,,,,,,,,,,,,,,,
SORACA,1,,,,,,,,,,,,,,,,,,,,,,,
SOTAQUIRA,1,,,,,,,,,,,,,,,,,,,,,,,
SOTARA,0,,,,,,,,,,,,,,,,,,,,,,,
SUAITA,1,,,,,,,,,,,,,,,,,,,,,,,
SUAN,0,,,,,,,,,,,,,,,,,,,,,,,
SUAREZ,1,,,,,,,,,,,,,,,,,,,,,,,
SUAREZ,1,,,,,,,,,,,,,,,,,,,,,,,
SUAZA,1,,,,,,,,,,,,,,,,,,,,,,,
SUBACHOQUE,0,,,,,,,,,,,,,,,,,,,,,,,
SUCRE,1,,,,,,,,,,,,,,,,,,,,,,,
SUCRE,1,,,,,,,,,,,,,,,,,,,,,,,
SUCRE,1,,,,,,,,,,,,,,,,,,,,,,,
SUESCA,0,,,,,,,,,,,,,,,,,,,,,,,
SUPATA,1,,,,,,,,,,,,,,,,,,,,,,,
SUPIA,0,,,,,,,,,,,,,,,,,,,,,,,
SURATA,1,,,,,,,,,,,,,,,,,,,,,,,
SUSA,0,,,,,,,,,,,,,,,,,,,,,,,
SUSACON,1,,,,,,,,,,,,,,,,,,,,,,,
SUTAMARCHAN,1,,,,,,,,,,,,,,,,,,,,,,,
SUTATAUSA,0,,,,,,,,,,,,,,,,,,,,,,,
SUTATENZA,0,,,,,,,,,,,,,,,,,,,,,,,
TABIO,0,,,,,,,,,,,,,,,,,,,,,,,
TADO,1,,,,,,,,,,,,,,,,,,,,,,,
TALAIGUA NUEVO,1,,,,,,,,,,,,,,,,,,,,,,,
TAMALAMEQUE,1,,,,,,,,,,,,,,,,,,,,,,,
TAMARA,1,,,,,,,,,,,,,,,,,,,,,,,
TAME,1,,,,,,,,,,,,,,,,,,,,,,,
TAMESIS,0,,,,,,,,,,,,,,,,,,,,,,,
TAMINANGO,1,,,,,,,,,,,,,,,,,,,,,,,
TANGUA,1,,,,,,,,,,,,,,,,,,,,,,,
TARAIRA,1,,,,,,,,,,,,,,,,,,,,,,,
TARAPACA,1,,,,,,,,,,,,,,,,,,,,,,,
TARAZA,0,,,,,,,,,,,,,,,,,,,,,,,
TARQUI,1,,,,,,,,,,,,,,,,,,,,,,,
TARSO,0,,,,,,,,,,,,,,,,,,,,,,,
TASCO,1,,,,,,,,,,,,,,,,,,,,,,,
TAURAMENA,1,,,,,,,,,,,,,,,,,,,,,,,
TAUSA,1,,,,,,,,,,,,,,,,,,,,,,,
TELLO,1,,,,,,,,,,,,,,,,,,,,,,,
TENA,0,,,,,,,,,,,,,,,,,,,,,,,
TENERIFE,1,,,,,,,,,,,,,,,,,,,,,,,
TENJO,0,,,,,,,,,,,,,,,,,,,,,,,
TENZA,1,,,,,,,,,,,,,,,,,,,,,,,
TEORAMA,1,,,,,,,,,,,,,,,,,,,,,,,
TERUEL,1,,,,,,,,,,,,,,,,,,,,,,,
TESALIA,1,,,,,,,,,,,,,,,,,,,,,,,
TIBACUY,1,,,,,,,,,,,,,,,,,,,,,,,
TIBANA,1,,,,,,,,,,,,,,,,,,,,,,,
TIBASOSA,0,,,,,,,,,,,,,,,,,,,,,,,
TIBIRITA,1,,,,,,,,,,,,,,,,,,,,,,,
TIBU,1,,,,,,,,,,,,,,,,,,,,,,,
TIERRALTA,0,,,,,,,,,,,,,,,,,,,,,,,
TIMANA,0,,,,,,,,,,,,,,,,,,,,,,,
TIMBIO,0,,,,,,,,,,,,,,,,,,,,,,,
TIMBIQUI,1,,,,,,,,,,,,,,,,,,,,,,,
TINJACA,1,,,,,,,,,,,,,,,,,,,,,,,
TIPACOQUE,1,,,,,,,,,,,,,,,,,,,,,,,
TIQUISIO,1,,,,,,,,,,,,,,,,,,,,,,,
TITIRIBI,0,,,,,,,,,,,,,,,,,,,,,,,
TOCA,0,,,,,,,,,,,,,,,,,,,,,,,
TOCAIMA,0,,,,,,,,,,,,,,,,,,,,,,,
TOCANCIPA,0,,,,,,,,,,,,,,,,,,,,,,,
TOGUI,1,,,,,,,,,,,,,,,,,,,,,,,
TOLEDO,1,,,,,,,,,,,,,,,,,,,,,,,
TOLEDO,1,,,,,,,,,,,,,,,,,,,,,,,
TOLU VIEJO,0,,,,,,,,,,,,,,,,,,,,,,,
TONA,1,,,,,,,,,,,,,,,,,,,,,,,
TOPAGA,0,,,,,,,,,,,,,,,,,,,,,,,
TOPAIPI,1,,,,,,,,,,,,,,,,,,,,,,,
TORIBIO,1,,,,,,,,,,,,,,,,,,,,,,,
TORO,0,,,,,,,,,,,,,,,,,,,,,,,
TOTA,1,,,,,,,,,,,,,,,,,,,,,,,
TOTORO,1,,,,,,,,,,,,,,,,,,,,,,,
TRINIDAD,1,,,,,,,,,,,,,,,,,,,,,,,
TRUJILLO,0,,,,,,,,,,,,,,,,,,,,,,,
TUBARA,0,,,,,,,,,,,,,,,,,,,,,,,
TULUA,0,,,,,,,,,,,,,,,,,,,,,,,
TUMACO,0,,,,,,,,,,,,,,,,,,,,,,,
TUNJA,0,,,,,,,,,,,,,,,,,,,,,,,
TUNUNGUA,1,,,,,,,,,,,,,,,,,,,,,,,
TUQUERRES,0,,,,,,,,,,,,,,,,,,,,,,,
TURBACO,0,,,,,,,,,,,,,,,,,,,,,,,
TURBANA,0,,,,,,,,,,,,,,,,,,,,,,,
TURBO,0,,,,,,,,,,,,,,,,,,,,,,,
TURMEQUE,0,,,,,,,,,,,,,,,,,,,,,,,
TUTA,1,,,,,,,,,,,,,,,,,,,,,,,
TUTAZA,1,,,,,,,,,,,,,,,,,,,,,,,
UBALA,1,,,,,,,,,,,,,,,,,,,,,,,
UBAQUE,1,,,,,,,,,,,,,,,,,,,,,,,
UBATE,0,,,,,,,,,,,,,,,,,,,,,,,
ULLOA,0,,,,,,,,,,,,,,,,,,,,,,,
UMBITA,1,,,,,,,,,,,,,,,,,,,,,,,
UNE,1,,,,,,,,,,,,,,,,,,,,,,,
UNGUIA,1,,,,,,,,,,,,,,,,,,,,,,,
UNION PANAMERICANA,0,,,,,,,,,,,,,,,,,,,,,,,
URAMITA,1,,,,,,,,,,,,,,,,,,,,,,,
URIBIA,1,,,,,,,,,,,,,,,,,,,,,,,
URRAO,1,,,,,,,,,,,,,,,,,,,,,,,
URUMITA,0,,,,,,,,,,,,,,,,,,,,,,,
USIACURI,0,,,,,,,,,,,,,,,,,,,,,,,
UTICA,0,,,,,,,,,,,,,,,,,,,,,,,
VALDIVIA,1,,,,,,,,,,,,,,,,,,,,,,,
VALENCIA,1,,,,,,,,,,,,,,,,,,,,,,,
VALLE DE SAN JOSE,0,,,,,,,,,,,,,,,,,,,,,,,
VALLE DE SAN JUAN,1,,,,,,,,,,,,,,,,,,,,,,,
VALLE DEL GUAMUEZ,0,,,,,,,,,,,,,,,,,,,,,,,
VALLEDUPAR,0,,,,,,,,,,,,,,,,,,,,,,,
VALPARAISO,1,,,,,,,,,,,,,,,,,,,,,,,
VALPARAISO,1,,,,,,,,,,,,,,,,,,,,,,,
VEGACHI,1,,,,,,,,,,,,,,,,,,,,,,,
VELEZ,1,,,,,,,,,,,,,,,,,,,,,,,
VENADILLO,0,,,,,,,,,,,,,,,,,,,,,,,
VENECIA,1,,,,,,,,,,,,,,,,,,,,,,,
VENECIA,1,,,,,,,,,,,,,,,,,,,,,,,
VENTAQUEMADA,0,,,,,,,,,,,,,,,,,,,,,,,
VERGARA,1,,,,,,,,,,,,,,,,,,,,,,,
VERSALLES,1,,,,,,,,,,,,,,,,,,,,,,,
VETAS,1,,,,,,,,,,,,,,,,,,,,,,,
VIANI,0,,,,,,,,,,,,,,,,,,,,,,,
VICTORIA,1,,,,,,,,,,,,,,,,,,,,,,,
VIGIA DEL FUERTE,1,,,,,,,,,,,,,,,,,,,,,,,
VIJES,0,,,,,,,,,,,,,,,,,,,,,,,
VILLA CARO,1,,,,,,,,,,,,,,,,,,,,,,,
VILLA DE LEYVA,0,,,,,,,,,,,,,,,,,,,,,,,
VILLA DEL ROSARIO,0,,,,,,,,,,,,,,,,,,,,,,,
VILLA GARZON,0,,,,,,,,,,,,,,,,,,,,,,,
VILLA RICA,0,,,,,,,,,,,,,,,,,,,,,,,
VILLAGOMEZ,1,,,,,,,,,,,,,,,,,,,,,,,
VILLAHERMOSA,1,,,,,,,,,,,,,,,,,,,,,,,
VILLAMARIA,0,,,,,,,,,,,,,,,,,,,,,,,
VILLANUEVA,1,,,,,,,,,,,,,,,,,,,,,,,
VILLANUEVA,1,,,,,,,,,,,,,,,,,,,,,,,
VILLANUEVA,1,,,,,,,,,,,,,,,,,,,,,,,
VILLANUEVA,1,,,,,,,,,,,,,,,,,,,,,,,
VILLAPINZON,0,,,,,,,,,,,,,,,,,,,,,,,
VILLARRICA,1,,,,,,,,,,,,,,,,,,,,,,,
VILLAVICENCIO,0,,,,,,,,,,,,,,,,,,,,,,,
VILLAVIEJA,1,,,,,,,,,,,,,,,,,,,,,,,
VILLETA,0,,,,,,,,,,,,,,,,,,,,,,,
VIOTA,0,,,,,,,,,,,,,,,,,,,,,,,
VIRACACHA,1,,,,,,,,,,,,,,,,,,,,,,,
VISTA HERMOSA,0,,,,,,,,,,,,,,,,,,,,,,,
VITERBO,0,,,,,,,,,,,,,,,,,,,,,,,
YACOPI,1,,,,,,,,,,,,,,,,,,,,,,,
YACUANQUER,1,,,,,,,,,,,,,,,,,,,,,,,
YAGUARA,1,,,,,,,,,,,,,,,,,,,,,,,
YALI,1,,,,,,,,,,,,,,,,,,,,,,,
YARUMAL,0,,,,,,,,,,,,,,,,,,,,,,,
YAVARATE,1,,,,,,,,,,,,,,,,,,,,,,,
YOLOMBO,1,,,,,,,,,,,,,,,,,,,,,,,
YONDO,1,,,,,,,,,,,,,,,,,,,,,,,
YOPAL,0,,,,,,,,,,,,,,,,,,,,,,,
YOTOCO,1,,,,,,,,,,,,,,,,,,,,,,,
YUMBO,0,,,,,,,,,,,,,,,,,,,,,,,
ZAMBRANO,1,,,,,,,,,,,,,,,,,,,,,,,
ZAPATOCA,1,,,,,,,,,,,,,,,,,,,,,,,
ZAPAYAN,1,,,,,,,,,,,,,,,,,,,,,,,
ZARAGOZA,1,,,,,,,,,,,,,,,,,,,,,,,
ZARZAL,0,,,,,,,,,,,,,,,,,,,,,,,
ZETAQUIRA,1,,,,,,,,,,,,,,,,,,,,,,,
ZIPACON,0,,,,,,,,,,,,,,,,,,,,,,,
ZIPAQUIRA,0,,,,,,,,,,,,,,,,,,,,,,,
ZONA BANANERA,0,,,,,,,,,,,,,,,,,,,,,,,
